{
	"format_version": "1.8.0",
	"animations": {
		"animation.zhongo.idle": {
			"loop": true,
			"animation_length": 1.625,
			"bones": {
				"head": {
					"rotation": {
						"vector": [-4.95744, 0.65182, 7.47178]
					}
				},
				"body": {
					"rotation": {
						"vector": [7.5, 0, 0]
					}
				},
				"left_arm": {
					"rotation": {
						"0.0": {
							"vector": [-69.84126, -7.04533, -2.57816]
						},
						"0.75": {
							"vector": [-74.84126, -7.04533, -2.57816]
						},
						"1.5": {
							"vector": [-69.84126, -7.04533, -2.57816]
						}
					}
				},
				"right_arm": {
					"rotation": {
						"0.0": {
							"vector": [-72.35832, 7.15102, 2.26708]
						},
						"0.75": {
							"vector": [-77.35832, 7.15102, 2.26708]
						},
						"1.5": {
							"vector": [-72.35832, 7.15102, 2.26708]
						}
					}
				},
				"mandibula": {
					"rotation": {
						"0.0": {
							"vector": [-7.5, 0, 0]
						},
						"0.75": {
							"vector": [5, 0, 0]
						},
						"1.5": {
							"vector": [-7.5, 0, 0]
						}
					}
				},
				"hongom": {
					"rotation": {
						"0.0": {
							"vector": [0, 0, 0]
						},
						"0.25": {
							"vector": [0, 0, 2.5]
						},
						"0.4167": {
							"vector": [0, 0, 0]
						},
						"0.5417": {
							"vector": [0, 0, 2.5]
						},
						"0.9583": {
							"vector": [0, 0, 0]
						},
						"1.2083": {
							"vector": [0, 0, 2.5]
						},
						"1.375": {
							"vector": [0, 0, 0]
						},
						"1.5": {
							"vector": [0, 0, 0]
						}
					}
				},
				"hongob": {
					"rotation": {
						"0.0": {
							"vector": [0, 0, 0]
						},
						"0.25": {
							"vector": [0, 0, 5]
						},
						"0.4167": {
							"vector": [0, 0, 0]
						},
						"0.9583": {
							"vector": [0, 0, 0]
						},
						"1.2083": {
							"vector": [0, 0, 5]
						},
						"1.375": {
							"vector": [0, 0, 0]
						}
					}
				}
			}
		},
		"animation.zhongo.walk": {
			"loop": true,
			"animation_length": 1.5,
			"bones": {
				"head": {
					"rotation": {
						"0.0": {
							"vector": [-4.95744, 0.65182, 7.47178]
						},
						"0.25": {
							"vector": [2.54256, 0.65182, 7.47178]
						},
						"0.5": {
							"vector": [-22.45744, 0.65182, 7.47178]
						},
						"0.75": {
							"vector": [-4.95744, 0.65182, 7.47178]
						},
						"1.0": {
							"vector": [2.54256, 0.65182, 7.47178]
						},
						"1.25": {
							"vector": [-22.45744, 0.65182, 7.47178]
						},
						"1.5": {
							"vector": [-4.95744, 0.65182, 7.47178]
						}
					}
				},
				"body": {
					"rotation": {
						"0.0": {
							"vector": [7.5, 0, 0]
						},
						"0.25": {
							"vector": [-5, 0, 0]
						},
						"0.5": {
							"vector": [10, 0, 0]
						},
						"0.75": {
							"vector": [7.5, 0, 0]
						},
						"1.0": {
							"vector": [-5, 0, 0]
						},
						"1.25": {
							"vector": [10, 0, 0]
						},
						"1.5": {
							"vector": [7.5, 0, 0]
						}
					}
				},
				"left_arm": {
					"rotation": {
						"0.0": {
							"vector": [-69.84126, -7.04533, -2.57816]
						},
						"0.25": {
							"vector": [-57.34126, -7.04533, -2.57816]
						},
						"0.5": {
							"vector": [-77.34126, -7.04533, -2.57816]
						},
						"0.75": {
							"vector": [-69.84126, -7.04533, -2.57816]
						},
						"1.0": {
							"vector": [-57.34126, -7.04533, -2.57816]
						},
						"1.25": {
							"vector": [-77.34126, -7.04533, -2.57816]
						},
						"1.5": {
							"vector": [-69.84126, -7.04533, -2.57816]
						}
					}
				},
				"right_arm": {
					"rotation": {
						"0.0": {
							"vector": [-72.35832, 7.15102, 2.26708]
						},
						"0.25": {
							"vector": [-59.85832, 7.15102, 2.26708]
						},
						"0.5": {
							"vector": [-72.35832, 7.15102, 2.26708]
						},
						"0.75": {
							"vector": [-72.35832, 7.15102, 2.26708]
						},
						"1.0": {
							"vector": [-59.85832, 7.15102, 2.26708]
						},
						"1.25": {
							"vector": [-72.35832, 7.15102, 2.26708]
						},
						"1.5": {
							"vector": [-72.35832, 7.15102, 2.26708]
						}
					}
				},
				"left_leg": {
					"rotation": {
						"0.0": {
							"vector": [0, 0, 0]
						},
						"0.375": {
							"vector": [20, 0, 0]
						},
						"0.75": {
							"vector": [0, 0, 0]
						},
						"1.125": {
							"vector": [-20, 0, 0]
						},
						"1.5": {
							"vector": [0, 0, 0]
						}
					}
				},
				"right_leg": {
					"rotation": {
						"0.0": {
							"vector": [2.5, 0, 0]
						},
						"0.375": {
							"vector": [-20, 0, 0]
						},
						"0.75": {
							"vector": [0, 0, 0]
						},
						"1.125": {
							"vector": [20, 0, 0]
						},
						"1.5": {
							"vector": [2.5, 0, 0]
						}
					}
				},
				"mandibula": {
					"rotation": {
						"0.0": {
							"vector": [-7.5, 0, 0]
						},
						"0.75": {
							"vector": [5, 0, 0]
						},
						"1.5": {
							"vector": [-7.5, 0, 0]
						}
					}
				},
				"hongom": {
					"rotation": {
						"0.0": {
							"vector": [0, 0, 0]
						},
						"0.25": {
							"vector": [0, 0, 2.5]
						},
						"0.4167": {
							"vector": [0, 0, 0]
						},
						"0.5417": {
							"vector": [0, 0, 2.5]
						},
						"0.9583": {
							"vector": [0, 0, 0]
						},
						"1.2083": {
							"vector": [0, 0, 2.5]
						},
						"1.375": {
							"vector": [0, 0, 0]
						},
						"1.5": {
							"vector": [0, 0, 0]
						}
					}
				},
				"hongob": {
					"rotation": {
						"0.0": {
							"vector": [0, 0, 0]
						},
						"0.25": {
							"vector": [0, 0, 5]
						},
						"0.4167": {
							"vector": [0, 0, 0]
						},
						"0.9583": {
							"vector": [0, 0, 0]
						},
						"1.2083": {
							"vector": [0, 0, 5]
						},
						"1.375": {
							"vector": [0, 0, 0]
						}
					}
				}
			}
		},
		"animation.zhongo.attack": {
			"animation_length": 0.41667,
			"bones": {
				"head": {
					"rotation": {
						"0.0": {
							"vector": [-19.95744, 0.65182, 7.47178]
						},
						"0.1667": {
							"vector": [-12.45744, 0.65182, 7.47178]
						},
						"0.4167": {
							"vector": [-4.95744, 0.65182, 7.47178]
						}
					}
				},
				"body": {
					"rotation": {
						"0.0": {
							"vector": [-17.5, 0, 0]
						},
						"0.1667": {
							"vector": [32.5, 0, 0]
						},
						"0.4167": {
							"vector": [7.5, 0, 0]
						}
					}
				},
				"left_arm": {
					"rotation": {
						"0.0": {
							"vector": [-99.84126, -7.04533, -2.57816]
						},
						"0.1667": {
							"vector": [-99.77809, 2.80919, -4.28099]
						},
						"0.4167": {
							"vector": [-69.84126, -7.04533, -2.57816]
						}
					}
				},
				"right_arm": {
					"rotation": {
						"0.0": {
							"vector": [-114.85832, 7.15102, 2.26708]
						},
						"0.1667": {
							"vector": [-107.26416, -4.61451, 6.49721]
						},
						"0.4167": {
							"vector": [-72.35832, 7.15102, 2.26708]
						}
					}
				},
				"mandibula": {
					"rotation": {
						"0.0": {
							"vector": [12.5, 0, 0]
						},
						"0.1667": {
							"vector": [-12.5, 0, 0]
						},
						"0.4167": {
							"vector": [-7.5, 0, 0]
						}
					}
				},
				"hongom": {
					"rotation": {
						"0.0": {
							"vector": [0, 0, 2.5]
						},
						"0.1667": {
							"vector": [0, 0, 0]
						},
						"0.2917": {
							"vector": [0, 0, 2.5]
						},
						"0.4167": {
							"vector": [0, 0, 0]
						}
					}
				},
				"hongob": {
					"rotation": {
						"0.0": {
							"vector": [0, 0, 5]
						},
						"0.1667": {
							"vector": [0, 0, 0]
						},
						"0.4167": {
							"vector": [0, 0, 0]
						}
					}
				}
			}
		}
	},
	"geckolib_format_version": 2
}